Job ID,Job URL,Job Title,Company Name,Status,Timestamp,WP ID
0c52135aac22f0be,https://bz.linkedin.com/jobs/view/online-english-teacher-at-corenglish-4432385768,Online English Teacher,COREnglish,posted,2026-07-06T23:58:52.424247,22
41a2c1c4b05e4c10,https://bz.linkedin.com/jobs/view/senior-administrative-assistant-internal-audit-central-bank-of-belize-at-central-bank-of-belize-4434606795,"Senior Administrative Assistant, Internal Audit - Central Bank of Belize",,scraped,2026-07-06T23:58:54.937580,
60f0e571540a8d5b,https://bz.linkedin.com/jobs/view/virtual-assistant-at-cs-outsource-4436013090,Virtual Assistant,CS Outsource,posted,2026-07-06T23:59:06.979682,24
cf86f0832b040c1c,https://bz.linkedin.com/jobs/view/q-eqchi-audio-transcription-specialist-at-upwork-4433195445,Q'eqchi Audio Transcription Specialist,Upwork,posted,2026-07-06T23:59:16.525971,26
011c6d117eb9a80f,https://bz.linkedin.com/jobs/view/copy-of-q-eqchi-audio-transcription-specialist-any-dialect-at-upwork-4433705528,Copy of  Q'eqchi Audio Transcription Specialist(Any Dialect),Upwork,posted,2026-07-06T23:59:25.304615,28
1ba36ac8421a84a1,https://bz.linkedin.com/jobs/view/talent-specialist-at-hax-labs-hax-labs-com-4435350094,Talent Specialist,Hax Labs (hax-labs.com),posted,2026-07-06T23:59:32.565803,30
50d71ed13866f72c,https://bz.linkedin.com/jobs/view/aircraft-engineer-at-tropic-air-belize-4437407107,Aircraft Engineer,,scraped,2026-07-06T23:59:35.033103,
4b6722634ca5d7eb,https://bz.linkedin.com/jobs/view/media-project-manager-quality-controller-at-916-studios-4434509083,Media Project Manager (Quality Controller),,scraped,2026-07-06T23:59:41.180614,
d66cafeaf4fcf093,https://bz.linkedin.com/jobs/view/bookkeeper-at-cs-outsource-4436010236,Bookkeeper,CS Outsource,posted,2026-07-06T23:59:52.498029,32
d2631f83aada0912,https://bz.linkedin.com/jobs/view/hostess-host-at-norwegian-cruise-line-holdings-ltd-4434911266,Hostess/Host,Norwegian Cruise Line Holdings Ltd.,posted,2026-07-07T00:00:02.979030,34
1b4f033f8eba4b67,https://bz.linkedin.com/jobs/view/full-stack-developer-react-redux-at-perform-4384087442,Full Stack Developer (React/Redux),Perform,posted,2026-07-07T00:00:13.509658,36
fe398abfa8222c6f,https://bz.linkedin.com/jobs/view/sr-ai-ml-engineer-at-perform-4398639986,Sr. AI/ML Engineer,Perform,posted,2026-07-07T00:00:22.426835,38
76efb64bb9f0c612,https://bz.linkedin.com/jobs/view/energy-power-systems-specialist-intermediate-ai-community-at-telus-digital-ai-data-solutions-4435820728,Energy & Power Systems Specialist - Intermediate (AI Community),TELUS Digital AI Data Solutions,posted,2026-07-07T00:00:31.275239,40
60e923c3abdd0bda,https://bz.linkedin.com/jobs/view/creative-writing-content-expert-ai-community-at-telus-digital-ai-data-solutions-4435814883,Creative Writing & Content Expert (AI Community),TELUS Digital AI Data Solutions,posted,2026-07-07T00:00:39.502340,42
0b15fa5a79fe0234,https://bz.linkedin.com/jobs/view/cultural-safety-red-teaming-expert-ai-community-at-telus-digital-ai-data-solutions-4435828307,Cultural Safety & Red-Teaming Expert (AI Community),TELUS Digital AI Data Solutions,posted,2026-07-07T00:00:47.262983,44
e366767489de3413,https://bz.linkedin.com/jobs/view/financial-accuracy-tax-logic-expert-ai-community-at-telus-digital-ai-data-solutions-4435819732,Financial Accuracy & Tax Logic Expert (AI Community),TELUS Digital AI Data Solutions,posted,2026-07-07T00:00:55.102730,46
6547622247fc6450,https://bz.linkedin.com/jobs/view/robotics-ai-specialist-ai-community-at-telus-digital-ai-data-solutions-4435813909,Robotics AI Specialist (AI Community),TELUS Digital AI Data Solutions,posted,2026-07-07T00:01:03.678043,48
8fa576d10c20ce01,https://bz.linkedin.com/jobs/view/multimodal-ai-content-expert-ai-community-at-telus-digital-ai-data-solutions-4435830086,Multimodal AI Content Expert (AI Community),TELUS Digital AI Data Solutions,posted,2026-07-07T00:01:11.303534,50
d243d3042e834667,https://bz.linkedin.com/jobs/view/digital-twin-synthetic-reality-specialist-intermediate-ai-community-at-telus-digital-ai-data-solutions-4435829109,Digital Twin & Synthetic Reality Specialist - Intermediate (AI Community),TELUS Digital AI Data Solutions,posted,2026-07-07T00:01:19.179532,52
0da8e8e9239aa131,https://bz.linkedin.com/jobs/view/busser-at-norwegian-cruise-line-holdings-ltd-4416285202,Busser,Norwegian Cruise Line Holdings Ltd.,posted,2026-07-07T11:25:05.924197,54
86aabe0812f78dc2,https://bz.linkedin.com/jobs/view/barista-at-norwegian-cruise-line-holdings-ltd-4387632981,Barista,Norwegian Cruise Line Holdings Ltd.,posted,2026-07-07T11:25:14.686425,56
fea9a01ae6fb5c89,https://bz.linkedin.com/jobs/view/data-team-specialist-at-leadventure%C2%AE-4407469949,Data Team Specialist,LeadVenture®,posted,2026-07-07T11:25:26.515455,58
a2ad87b8a3e3e469,https://bz.linkedin.com/jobs/view/focal-point-for-belize-at-mesoamerican-reef-fund-mar-fund-4428890833,Focal Point for Belize,,scraped,2026-07-07T11:25:35.121984,
277294fefb3f05af,https://bz.linkedin.com/jobs/view/port-sanitation-manager-4436067142,PORT SANITATION MANAGER,PRINCIPALITY OF ISLANDIA,posted,2026-07-07T11:25:47.355440,60
d0f44486ab147387,https://bz.linkedin.com/jobs/view/director-of-engineering-at-four-seasons-4398627026,Director of Engineering,Four Seasons,posted,2026-07-07T11:25:59.871860,62
b7d6173f76a2f6c8,https://bz.linkedin.com/jobs/view/operations-assistant-at-cs-outsource-4435214906,Operations Assistant,CS Outsource,posted,2026-07-07T11:26:08.382351,64
430acc1df9b48646,https://bz.linkedin.com/jobs/view/chief-of-party-at-fhi-360-4403532269,Chief of Party,FHI 360,posted,2026-07-07T11:26:16.671149,66
39be59d66aae5b32,https://bz.linkedin.com/jobs/view/full-stack-developer-net-developer-at-perform-4398400443,Full Stack Developer (.NET Developer),Perform,posted,2026-07-07T11:26:24.249851,68
5e5dd0bc0d4b3713,https://bz.linkedin.com/jobs/view/transaction-coordinator-at-cs-outsource-4436828624,Transaction Coordinator,CS Outsource,posted,2026-07-07T19:18:16.664043,70
b8ab0335e759d0e6,https://bz.linkedin.com/jobs/view/deputy-chief-of-party-at-fhi-360-4403522492,Deputy Chief of Party,FHI 360,posted,2026-07-07T19:18:46.625066,72
ede99491a58e4085,https://bz.linkedin.com/jobs/view/data-scientist-ai-community-at-telus-digital-ai-data-solutions-4435809980,Data Scientist (AI Community),TELUS Digital AI Data Solutions,posted,2026-07-07T19:18:54.499444,74
b8a8b896a0a2f8eb,https://bz.linkedin.com/jobs/view/senior-marketing-analyst-strategy-analytics-at-toptal-4437448958,"Senior Marketing Analyst, Strategy & Analytics",Toptal,posted,2026-07-07T19:19:02.985297,76
086c5756272e1817,https://bz.linkedin.com/jobs/view/ai-development-programmatic-reasoning-specialist-intermediate-ai-community-at-telus-digital-ai-data-solutions-4435831082,AI Development & Programmatic Reasoning Specialist - Intermediate (AI Community),TELUS Digital AI Data Solutions,posted,2026-07-07T23:32:48.756191,88
7e857bebcd4417a9,https://bz.linkedin.com/jobs/view/english-caribbean-belize-guyana-language-specialist-freelance-ai-trainer-project-at-meridial-marketplace-by-invisible-4286264366,English (Caribbean/Belize/Guyana) Language Specialist - Freelance AI Trainer Project,"Meridial Marketplace, by Invisible",posted,2026-07-08T09:17:51.933105,90
17be65a56e09f08c,https://bz.linkedin.com/jobs/view/bz-customer-service-representative-at-customerhd-4436278767,BZ-Customer Service Representative,CustomerHD,posted,2026-07-08T09:18:14.366753,92
dd8021507c83d018,https://bz.linkedin.com/jobs/view/bz-technical-support-representative-at-customerhd-4436286447,BZ-Technical Support Representative,CustomerHD,posted,2026-07-08T09:18:33.080678,94
2dba50c84a94b8ce,https://bz.linkedin.com/jobs/view/marketing-specialist-at-cs-outsource-4436227806,Marketing Specialist,CS Outsource,posted,2026-07-08T09:18:48.477990,96
d9c9c304c6e4d4c2,https://bz.linkedin.com/jobs/view/cleaner-at-mcdonald-s-midden-limburg-en-maastricht-centrum-4438205428,Cleaner,,scraped,2026-07-08T16:17:18.694111,
f88a9d6451476ad0,https://bz.linkedin.com/jobs/view/fullstack-developer-senior-python-django-%2B-react-remote-latin-america-at-bluelight-4437863619,"Fullstack Developer (Senior) - Python (Django) + React - Remote, Latin America",Bluelight,posted,2026-07-08T16:18:00.986620,98
9f431d07da1e2f10,https://bz.linkedin.com/jobs/view/fullstack-developer-senior-python-django-%2B-react-remote-latin-america-at-bluelight-4437870142,"Fullstack Developer (Senior) - Python (Django) + React - Remote, Latin America",Bluelight,posted,2026-07-08T16:18:07.751186,98
5cbd536c2cfbff74,https://bz.linkedin.com/jobs/view/team-leader-%E2%80%93-mcc-belize-tvet-activity-at-irex-4377023474,Team Leader – MCC Belize TVET Activity,IREX,posted,2026-07-08T16:18:16.698521,100
d901041dbbb0dd08,https://bz.linkedin.com/jobs/view/purchasing-agent-at-norwegian-cruise-line-holdings-ltd-4419583091,Purchasing Agent,Norwegian Cruise Line Holdings Ltd.,posted,2026-07-08T21:52:21.061802,102
fbee94f07dff5bc3,https://bz.linkedin.com/jobs/view/talent-specialist-at-hax-labs-hax-labs-com-4437051808,Talent Specialist,Hax Labs (hax-labs.com),posted,2026-07-08T21:52:31.906547,30
48911efbfe61d5a0,https://bz.linkedin.com/jobs/view/implementation-specialist-at-leadventure%C2%AE-4437081712,Implementation Specialist,LeadVenture®,posted,2026-07-08T21:52:45.142433,104
b01cfcb4f4ddd667,https://bz.linkedin.com/jobs/view/corporate-travel-and-mobility-agent-remote-work-at-bairesdev-4437068967,Corporate Travel and Mobility Agent - Remote Work,BairesDev,posted,2026-07-08T21:52:55.408001,106
5fc99da25f28792c,https://bz.linkedin.com/jobs/view/marketing-specialist-at-501-revenue-impact-4436768187,Marketing Specialist,501 Revenue Impact,posted,2026-07-08T21:53:00.265541,96
307c48e9191001d9,https://bz.linkedin.com/jobs/view/technical-support-specialist-at-leadventure%C2%AE-4437094394,Technical Support Specialist,LeadVenture®,posted,2026-07-08T21:53:15.474051,108
4585d162763a5463,https://bz.linkedin.com/jobs/view/senior-security-scrum-master-remote-work-at-bairesdev-4437300761,Senior Security Scrum Master - Remote Work,BairesDev,posted,2026-07-08T21:53:23.602266,110
adfabb976b5f9371,https://bz.linkedin.com/jobs/view/senior-devsecops-engineer-remote-work-at-bairesdev-4437098710,Senior DevSecOps Engineer - Remote Work,BairesDev,posted,2026-07-08T21:53:33.952285,112
cf995e48d8f7fa5a,https://bz.linkedin.com/jobs/view/monitoring-evaluation-and-learning-director-at-fhi-360-4403520502,"Monitoring, Evaluation and Learning Director",FHI 360,posted,2026-07-09T10:34:31.566746,114
675b73f369d8cc4f,https://bz.linkedin.com/jobs/view/data-engineer-at-perform-4406412193,Data Engineer,Perform,posted,2026-07-09T10:34:39.347433,116
ec53203c15254e8e,https://bz.linkedin.com/jobs/view/senior-technical-program-manager-remote-work-at-bairesdev-4437098810,Senior Technical Program Manager - Remote Work,BairesDev,posted,2026-07-09T10:34:46.987950,118
4577a4a138ce8f73,https://bz.linkedin.com/jobs/view/deckhand-at-the-moorings-yacht-charters-4438655843,Deckhand,The Moorings Yacht Charters,posted,2026-07-09T18:29:39.250876,120
645e6b5daa3dac95,https://bz.linkedin.com/jobs/view/operations-coordinator-at-cs-outsource-4437305681,Operations Coordinator,CS Outsource,posted,2026-07-09T18:29:58.972328,122
953cc134f6ed6394,https://bz.linkedin.com/jobs/view/appointment-setter-bze-at-s-n-abiscon-gmbh-4438570243,Appointment Setter (BZE),S&amp;N Abiscon GmbH,posted,2026-07-09T18:30:11.224679,124
d3c3ca2b5f070870,https://bz.linkedin.com/jobs/view/accountant-at-the-belize-collection-4438833932,Accountant,,scraped,2026-07-09T23:57:01.830294,
97e54c7e2f681738,https://bz.linkedin.com/jobs/view/finance-accountant-at-puma-energy-4418858254,Finance Accountant,,scraped,2026-07-09T23:57:12.425025,
fd839b2d112a7076,https://bz.linkedin.com/jobs/view/multimedia-production-team-lead-at-fusion-growth-partners-4438697693,Multimedia Production Team Lead,Fusion Growth Partners,posted,2026-07-09T23:57:27.759895,126
c6e009f4f99b25b8,https://bz.linkedin.com/jobs/view/bilingual-spanish-english-executive-legal-assistant-remote-%E2%80%93-latin-america-latam-at-law-offices-of-parag-l-amin-p-c-4435927125,Bilingual Spanish-English Executive / Legal Assistant (Remote – Latin America LATAM),"Law Offices of Parag L. Amin, P.C.",posted,2026-07-09T23:57:37.752857,128
8723c4d045065791,https://bz.linkedin.com/jobs/view/operations-manager-at-cs-outsource-4437328014,Operations Manager,CS Outsource,posted,2026-07-09T23:57:59.643954,130
0a3feb602cd1b452,https://bz.linkedin.com/jobs/view/remote-property-manager-at-allview-real-estate-4438899762,Remote Property Manager,AllView Real Estate,posted,2026-07-10T11:25:13.544280,132
eafd820577d1ab5e,https://bz.linkedin.com/jobs/view/dishwasher-at-norwegian-cruise-line-holdings-ltd-4309830393,Dishwasher,Norwegian Cruise Line Holdings Ltd.,posted,2026-07-10T18:12:14.614320,134
dafd6d5c284af494,https://bz.linkedin.com/jobs/view/server-at-norwegian-cruise-line-holdings-ltd-4420487209,Server,Norwegian Cruise Line Holdings Ltd.,posted,2026-07-10T18:12:53.839245,136
4bfe7162b1dff4d0,https://bz.linkedin.com/jobs/view/technical-website-support-specialist-at-leadventure%C2%AE-4415952120,Technical Website Support Specialist,LeadVenture®,posted,2026-07-10T18:13:12.977173,138
c3fcc9fd6a69d8f3,https://bz.linkedin.com/jobs/view/marketing-specialist-at-cs-outsource-4438375062,Marketing Specialist,CS Outsource,posted,2026-07-10T23:35:16.953849,96
1478eaaacea9e307,https://bz.linkedin.com/jobs/view/cart-attendant-at-norwegian-cruise-line-holdings-ltd-4419920642,Cart Attendant,Norwegian Cruise Line Holdings Ltd.,posted,2026-07-11T07:25:22.521254,140
